Вау... Очень понравилось это место.;1
Корочка нехорошая.;0
Не вкусно, и текстура была просто противной.;0
Заглянул во время банковских каникул в конце мая по рекомендации Рика Стива, и ему понравилось.;1
Выбор в меню был отличным, как и цены.;1
Теперь я начинаю злиться и хочу свою чертову фо.;0
Честно говоря, на вкус это было не ТАК свежо.);0
Картофель был как резиновый, и можно было сказать, что он был приготовлен заранее и хранился под грелкой.;0
Картошка фри тоже была великолепна.;1
Отличный штрих.;1
Обслуживание было очень оперативным.;1
Не хотел возвращаться.;0
Кассиру было все равно, что и когда я должен был сказать, все равно это оказалось слишком завышенной ценой.;0
Я попробовал раволи из Кейп-Кода, курицу,с клюквой...мммм!;1
Мне было противно, потому что я был почти уверен, что это человеческие волосы.;0
Я был шокирован, потому что никакие знаки не указывают только на наличные деньги.;0
Настоятельно рекомендуется.;1
Официантка была немного медленной в обслуживании.;0
Это место не стоит вашего времени, не говоря уже о Вегасе.;0
совсем не понравилось.;0
Бурритто Бла-бла!;0
Еда потрясающая.;1
Обслуживание тоже милое.;1
Мне было бы все равно... Интерьер просто красивый.;1
Так они и поступили.;1
Правильно....торт из красного бархата.....оооо, эта штука такая вкусная.;1
- Они так и не принесли салат, который мы просили.;0
В этой дыре в стене есть отличные мексиканские уличные тако и дружелюбный персонал.;1
Потребовался час, чтобы приготовить нам еду только за 4 столиками в ресторане, моя еда была теплой, Наш север бегал вокруг, как будто он был полностью подавлен.;0
Хуже всего было сашими из лосося.;0
Также есть комбо, такие как гамбургер, картофель фри и пиво за 23 доллара, что является приличной сделкой.;1
Это было похоже на последний удар!;0
Я нашел это место случайно и не мог быть счастливее.;1
кажется, это хорошее быстрое место, чтобы перекусить какой-нибудь знакомой едой в пабе, но сделайте себе одолжение и поищите в другом месте.;0
В целом, мне очень нравится это место.;1
Единственным достоинством ресторана было то, что он был очень недорогим.;1
Обильные порции и хорошие цены.;1
Плохое обслуживание, официант заставлял меня чувствовать себя глупо каждый раз, когда он подходил к столу.;0
Мой первый визит в Хиро был в восторге!;1
Обслуживание отстой.;0
Креветки нежные и влажные.;1
Нет достаточно хорошей сделки, которая снова затащила бы меня в это заведение.;0
Трудно судить, были ли эти стороны хорошими, потому что мы были возмущены расплавленным пенопластом и не хотели его есть, опасаясь заболеть.;0
С положительной стороны, наш сервер был очень внимателен и предоставил отличное обслуживание.;1
Замороженные шайбы отвращения, с некоторыми из худших людей за кассой.;0
Единственное, что мне понравилось, - это раздел с ребрышками и десертом.;1
Очень жаль, что еда такая чертовски универсальная.;0
Бургер-это хорошая говядина, приготовленная в самый раз.;1
Если вы хотите бутерброд, просто идите в любую пожарную часть!!!!!;1
Мой боковой греческий салат с греческой заправкой был таким вкусным, а лаваш и хумус были очень освежающими.;1
Мы заказали редкую утку, и она была розовой и нежной внутри с приятным обугливанием снаружи.;1
Он прибежал за нами, когда понял, что мой муж оставил свои солнцезащитные очки на столе.;1
Их чау-мейн так хорош!;1
У них ужасное отношение к клиентам, и они разговаривают свысока с каждым из них, когда клиентам не нравится их еда.;0
Порция была огромной!;1
Очень понравилось...дружелюбные официанты, отличная еда, замечательное и оригинальное меню.;1
"Гриль-бар ""Сердечный приступ"" в центре Вегаса-абсолютно плоское оправдание для ресторана.";0
Не так много морепродуктов и, как 5 нитей пасты на дне.;0
В салате было как раз нужное количество соуса, чтобы не перегружать гребешок, который был идеально приготовлен.;1
Разорванный банан был не только разорван, но и окаменел и стал безвкусным.;0
По крайней мере, подумай о том, чтобы наполнить мою воду, прежде чем я буду изо всех сил махать тебе в течение 10 минут.;0
Это место получает звезды за свои ЗАКУСКИ!!!;1
Все коктейли сделаны вручную и очень вкусные.;1
Мы бы обязательно вернулись сюда снова.;1
Мы так рады, что нашли это место.;1
Отличная еда и обслуживание, огромные порции, и они дают военную скидку.;1
Всегда приятно провести время в Dos Gringos!;1
Обновление.....вернулся во второй раз, и это все еще было так же удивительно;1
Мы получили еду, и, по-видимому, они никогда не слышали о соли, а тесто на рыбе было жевательным.;0
Отличный способ закончить великое.;1
Сделка включала 5 дегустаций и 2 напитка, и Джефф вышел за рамки того, что мы ожидали.;1
- Действительно, действительно хороший рис, все время.;1
Услуга была мех.;0
Потребовалось более 30 минут, чтобы получить их молочный коктейль, который был не более чем шоколадным молоком.;0
Наверное, я должен был догадаться, что это место будет отстойным, потому что оно находится внутри Экскалибура, но я не использовал свой здравый смысл.;0
Блюдо из морского гребешка также довольно ужасно по стоимости.;0
2 раза - Очень Плохое Обслуживание Клиентов !;0
Картофель фри из сладкого картофеля был очень хорошим и хорошо приправленным.;1
"Сегодня я второй раз был у них на обеде ""шведский стол"", и это было довольно вкусно.";1
В Вегасе так много хорошей еды, что я чувствую себя обманутым за то, что упустил возможность поесть, отправившись в Райс и компанию.;0
Прийти сюда-все равно что пережить неутешительные отношения, в которых обе стороны не могут дождаться, когда другой человек попросит расстаться.;0
вошел, и место пахло как старая ловушка для жира, и только 2 других там ели.;0
Индейка и ростбиф были пресными.;0
В этом месте все есть!;1
Пироги на сковороде все бредят вкусом, как сладкая катастрофа, адаптированная к вкусу шестилетнего ребенка.;0
Я люблю Фо и спринг-роллы, о, такие вкусные, что вы должны попробовать.;1
Плохое соотношение теста и мяса сделало куриные тендеры очень неудовлетворительными.;0
Все, что я должен сказать, это то, что еда была потрясающей!!!;1
За омлеты можно умереть!;1
Все было свежим и вкусным!;1
В целом, это был в значительной степени разочаровывающий ужин.;0
Это похоже на действительно сексуальную вечеринку во рту, где ты возмутительно флиртуешь с самым горячим человеком на вечеринке.;1
Никогда раньше не был в казино Hard Rock, НИКОГДА БОЛЬШЕ НЕ СДЕЛАЮ В НЕМ НИ ШАГУ ВПЕРЕД!;0
"Лучший завтрак ""шведский стол""!!!";1
попрощайся со своей чаевой!;0
Мы больше никогда туда не пойдем.;0
Вернется снова!;1
Еда прибыла быстро!;1
Это было нехорошо.;0
С другой стороны, в их кафе подают действительно хорошую еду.;1
Наш официант был фантастическим, и когда он узнал, что жена любит жареный чеснок и костный мозг, он добавил еще к нашей еде и еще один костный мозг!;1
Единственной хорошей вещью был наш официант, он был очень предупредителен и не давал угрюмой Мэри прийти.;1
Лучший шведский стол в городе, по цене, которую вы не можете превзойти.;1
Мне ОЧЕНЬ ПОНРАВИЛИСЬ их мидии, приготовленные в этом винном соусе, утка была нежной, а блюда из картофеля-восхитительными.;1
Это один из лучших фуршетов, в которых я был.;1
Итак, мы поехали в Тайгерлли и провели фантастический день!;1
Еда была восхитительной, наш бармен был внимательным и представительным, И мы получили очень много!;1
Атмосфера замечательная, и играет музыка.;1
Отправится обратно в следующую поездку.;1
Ооооочень хорошо!!;1
НАСТОЯЩИЕ любители суши, давайте будем честными - Яма не так хороша.;0
По крайней мере, 40 минут прошло между нашим заказом и прибытием еды, и это было не так уж и много.;0
Это действительно фантастический тайский ресторан, который определенно стоит посетить.;1
Приятный, пряный и нежный.;1
Хорошие цены.;1
Проверьте это.;1
Это было довольно грубо!;0
У меня была лучшая атмосфера.;0
Вроде трудно испортить стейк, но они это сделали.;0
Хотя мне очень понравился внешний вид и звук этого места, фактическое впечатление было немного разочаровывающим.;0
Я просто не знаю, как этому месту удалось подать самую безвкусную еду, которую я когда-либо ел, когда они готовят индийскую кухню.;0
Худшая услуга для загрузки, но это наименьшая из их забот.;0
Обслуживание было прекрасным, и официантка была дружелюбной.;1
У всех парней были стейки, и наш любящий стейк сын, который ел стейк в лучших и худших местах, сказал, что это был лучший стейк, который он когда-либо ел.;1
Мы думали, что вам придется уехать подальше, чтобы купить хорошие суши, но в тот вечер это место действительно попало в точку.;1
Обслуживающий персонал был, за неимением лучшего слова, СУКАМИ!;0
Ласковый... Мне не нравится это место по ряду причин, и я не хочу тратить время на плохие отзывы.. Я оставлю все как есть...;0
Феноменальная еда, обслуживание и атмосфера.;1
Я бы не вернулся.;0
Определенно стоит рискнуть сойти со стриптиза за свиное брюхо, вернусь в следующий раз, когда буду в Вегасе.;1
Это место слишком дорого стоит для посредственной еды.;0
Водка Пенне превосходна!;1
У них есть хороший выбор блюд, включая огромный сэндвич с мясным рулетом, хрустящую куриную обертку, растопленный вкусный тунец и несколько вкусных гамбургеров.;1
Руководство грубое.;0
Вкусные рогалики из Нью-Йорка, хороший выбор сливочного сыра, даже настоящий лосось с каперсами.;1
Отличное метро, на самом деле это так хорошо, когда вы приезжаете сюда, любое другое метро не оправдает ваших ожиданий.;1
У меня здесь был очень плотный завтрак.;1
Это один из лучших баров с едой в Вегасе.;1
Он был чрезвычайно груб, и действительно, есть так много других ресторанов, в которых я хотел бы поужинать во время выходных в Вегасе.;0
Мой напиток никогда не был пустым, и он сделал несколько действительно замечательных предложений по меню.;1
Не делай этого!!!!;0
Официант не был услужливым или дружелюбным и редко проверял нас.;0
Мы с мужем пообедали здесь и были очень разочарованы едой и обслуживанием.;0
А в красном карри было так много побегов бамбука, что оно показалось мне не очень вкусным.;0
Хорошее одеяло из моза сверху, но я чувствую, что это было сделано, чтобы прикрыть некачественную еду.;1
Ванные комнаты чистые, а само заведение хорошо оформлено.;1
Меню постоянно меняется, качество еды падает, а обслуживание крайне медленное.;0
Обслуживание было немного медленным , учитывая, что обслуживали официанты из 3 человек, поэтому еда подавалась в медленном темпе.;0
Я показываю 2 больших пальца вниз;0
Мы наблюдали, как наш официант уделяет гораздо больше внимания другим столикам и игнорирует нас.;0
Мой жених? и я пришел в середине дня, и нас сразу же поприветствовали и усадили;1
Это отличный ресторан в заливе Мандалай.;1
Мы напрасно ждали сорок пять минут.;0
Кростини, которые принесли с салатом, были черствыми.;0
Некоторые особенности : Отличное качество нигири здесь!;1
персонал дружелюбный, и в заведении всегда чисто.;1
это был другой порез, чем кусок на днях, но все равно замечательный и нежный, а также ароматизированный.;1
Я заказал пасту Вуду, и это был первый раз, когда я попробовал действительно отличную пасту с тех пор, как несколько лет назад отказался от глютена.;1
это хорошее место.;1
К сожалению, мы, должно быть, зашли в булочную в оставшийся день, потому что все, что мы заказали, было НЕСВЕЖИМ.;0
Я вернулся сегодня, так как они переехали, и все еще не впечатлен.;0
Я сразу же сел.;1
Их меню разнообразно и по разумным ценам.;1
Избегайте любой ценой!;0
Ресторан всегда полон, но никогда не приходится ждать.;1
ВОСХИТИТЕЛЬНО!!;1
Это заведение является одним из лучших мест, где можно поесть в районе метро Феникс.;1
Так что не ходите туда, если вы ищете хорошую еду...;0
Со мной никогда так плохо не обращались.;0
Бекон чертовски соленый.;1
Вот такой на самом деле была изысканная кухня Вегаса, вплоть до меню, вручаемых дамам, цены на которые не указаны.;1
Официантки очень дружелюбны.;1
Господи, Као Сой-это блюдо, которое нельзя пропустить любителям карри!;1
Все в меню потрясающее, и мы также были в восторге от того, что они сделали замечательные условия для нашей дочери-вегетарианки.;1
Возможно, я застал их в нерабочий вечер, судя по другим отзывам, но я не горю желанием возвращаться.;0
Сервис здесь оставляет желать лучшего.;0
Атмосфера современная и модная, сохраняя при этом нотку уюта.;1
Не еженедельное пристанище, но определенно место, куда можно время от времени возвращаться.;1
Мы буквально просидели там 20 минут, и никто не просил принять наш заказ.;0
У гамбургера не было абсолютно никакого вкуса - само мясо было совершенно пресным, гамбургер был пережарен, и в нем не было привкуса древесного угля.;0
Я также решил не отправлять его обратно, потому что наша официантка выглядела так, словно была на грани сердечного приступа.;0
Я нарядилась для того, чтобы со мной так грубо обращались!;0
Вероятно, это была грязь.;0
Люблю это место, попадаю в точку, когда хочу чего-то полезного, но не испытывающего недостатка в количестве или вкусе.;1
Я заказал лимонно-малиновый коктейль со льдом, который также был невероятным.;1
Еда была отвратительной, чего мы и ожидали, но она была отвратительной больше, чем мы могли себе представить.;0
Интересный декор.;1
Что мне там действительно нравится, так это станция крепа.;1
Также подавали горячий хлеб с маслом и картофельные чипсы домашнего приготовления с кусочками бекона сверху....очень оригинальный и очень хороший.;1
вы можете наблюдать, как они готовят вкусные блюда!);1
Оба яичных рулета были фантастическими.;1
Когда пришел мой заказ, одного из гироскопов не было.;0
Я съел салат с крыльями и немного мороженого на десерт и ушел, чувствуя себя вполне удовлетворенным.;1
"Я не совсем уверен, как именно Джоуи был признан лучшим хот-догом в Долине читателями журнала ""Феникс"".";0
Лучшее место, куда можно пойти за вкусной миской Фо!;1
Живая музыка по пятницам просто потрясает.;0
Я никогда еще так не оскорблялся и не чувствовал себя неуважительным.;0
Очень дружелюбный персонал.;1
Это стоит того, чтобы ехать.;1
Я слышал много хорошего об этом месте, но оно превзошло все надежды, о которых я мог только мечтать.;1
Еда была отличной, и обслуживание было отличным!;1
Теплое пиво не помогло.;0
Отличное место для позднего завтрака.;1
Обслуживание дружелюбное и гостеприимное.;1
Очень хорошее место для ланча.;1
Я живу здесь с 1979 года, и это был первый (и последний) раз, когда я переступил порог этого места.;0
САМЫЙ ХУДШИЙ ОПЫТ НА СВЕТЕ.;0
Должно быть, в этом месте выдалась свободная ночь.;0
"Стороны: восхитительно смешанные грибы, пюре ""юкон голд"", белая кукурузная мука.";1
Если бы эта ошибка никогда не появилась, я бы наверняка поставил 4, но по другую сторону стены, куда взбирался этот жук, была кухня.;0
В течение примерно 10 минут мы ждали ее салата, когда поняли, что в ближайшее время его не будет.;0
Моему другу очень понравился тартар из лосося.;1
Не вернется.;0
Очень вкусно!;1
Официантка была хороша, хотя!;1
Сырой и нехороший.;0
Ямайский мохито очень вкусный.;1
Которые невелики и не стоят такой цены.;0
- еда богатая, так что заказывайте соответственно.;1
Душевая зона находится снаружи, так что вы можете только ополоснуться, а не принимать полный душ, если только вы не возражаете быть обнаженным для всеобщего обозрения!;0
Сервиса немного не хватало.;0
Суп из омаров, ростки Бусселла, Ризотто, Филе-ВСЕ это нужно посолить и поперчить..и, конечно же, на столах их нет.;0
Надеюсь, это предвещает их уход из бизнеса, и кто-то, кто умеет готовить, может прийти.;0
Это было либо слишком холодно, либо недостаточно ароматно, либо просто плохо.;0
Мне очень понравились финики, завернутые в бекон.;1
Это невероятная СДЕЛКА!;1
Люди из Otto всегда заставляют нас чувствовать себя такими желанными и особенными.;1
"Что касается ""сети"", то она также не вдохновляет.";0
Это место, где у меня впервые был фо, и это было потрясающе!!;1
Этот замечательный опыт сделал это место обязательной остановкой всякий раз, когда мы снова оказываемся в городе.;1
Если еда недостаточно плоха для вас, то наслаждайтесь общением с худшими/раздражающими пьяными людьми в мире.;0
Очень, очень веселый шеф-повар.;1
Заказал двойной чизбургер и получил одну пирожную, которая разваливалась на части (загружено изображение) Да, все еще отстой.;0
Отличное место, чтобы выпить пару стаканчиков и посмотреть любые спортивные мероприятия, так как стены увешаны телевизорами.;1
Если бы можно было дать им ноль звезд, они бы это получили.;0
"В описаниях было написано ""соус ням-ням"", а в другом - ""соус из угря"", еще в одном - ""острый майонез""...ну, ни на одной из булочек не было соусов.";0
Я бы сказал, что это было бы самым трудным решением... Честно говоря, все блюда M на вкус такие, какими они должны быть (потрясающе).;1
Если бы она не закатила глаза, мы, возможно, остались бы... Не уверен, что мы вернемся и попробуем это снова.;0
Все очень внимательны, обеспечивая отличное обслуживание клиентов.;1
Ужасно - не тратьте впустую свое время и деньги.;0
Теперь это блюдо было довольно ароматным.;1
К этому времени наша часть ресторана была почти пуста, так что оправданий не было.;0
(Он тоже не был занят) Кроме того, в здании было ОЧЕНЬ холодно.;0
"как сказал другой рецензент: ""вы не смогли бы заплатить мне, чтобы я снова поел в этом месте"".";0
-В какой-то момент выпивка заняла около 30 минут.;0
Серьезно ароматные деликатесы, ребята.;1
Намного лучше, чем в другом суши-баре AYCE, куда я ходил в Вегасе.;1
Освещение достаточно темное, чтобы создать нужное настроение.;1
Основываясь на услуге ниже номинала, которую я получил, и не прилагая никаких усилий, чтобы выразить свою благодарность за мой бизнес, я не вернусь.;0
Владельцы - действительно замечательные люди.!;1
Там нет ничего привилегированного в работе/еде.;0
Греческая заправка была очень сливочной и ароматной.;1
В целом, я не думаю, что я бы снова повел своих родителей в это место, потому что они высказали большинство подобных жалоб, которые я тоже молча чувствовал.;0
Теперь сама пицца была хороша, арахисовый соус был очень вкусным.;1
У нас было 7 за нашим столом, и обслуживание было довольно быстрым.;1
Фантастическое обслуживание здесь.;1
Я бы с таким же успехом дал крестным отцам ноль звезд, если бы это было возможно.;0
Они знают, как их здесь приготовить.;1
очень жесткая и очень короткая по вкусу!;0
Я надеюсь, что это место останется здесь.;1
Я был более чем в нескольких барах Вегаса и никогда не помню, чтобы с меня брали плату за водопроводную воду.;0
Атмосфера ресторана была изысканной.;1
Хорошее обслуживание, очень чисто и недорого, в придачу!;1
Морепродукты были свежими и щедрыми на порции.;1
Плюс, это всего 8 баксов.;1
Обслуживание также не было на должном уровне.;0
До сих пор я был здесь только дважды, и каждый раз еда была абсолютно вкусной.;1
Так же хорошо, как и год назад, когда он у меня был!;1
Для самопровозглашенного кофейного кафе я был дико разочарован.;0
Овощное блюдо не в этом мире!;1
Вы не можете ошибиться с любой из здешних продуктов питания.;1
Вы не можете победить это.;1
Останавливался в этом месте, когда был в Мэдисоне, у Железного человека, очень дружелюбный, добрый персонал.;1
Повара были дружелюбны и хорошо поработали.;1
У меня было лучше не только от специализированных чайных заведений боба, но даже от Дженни Фо.;0
Мне понравился внутренний дворик, и обслуживание было превосходным.;1
Козье тако не поскупилось на мясо и ничего себе, какой ВКУС!;1
Я думаю, что больше не буду;0
У меня был салат с маком, и он был довольно мягким, так что я больше не буду его есть.;0
Я пошел в Bachi Burger по рекомендации друга и не был разочарован.;1
Сервис здесь воняет!;0
Я ждал и ждал.;0
Это место не является качественным суши, это не качественный ресторан.;0
Я бы определенно рекомендовал крылышки, а также пиццу.;1
Отличная пицца и салаты!;1
Что пошло не так: - Они сожгли саганаки.;0
Мы целый час ждали того, что было завтраком, который я мог бы приготовить дома в 100 раз лучше.;0
Это удивительное место!;1
Мне неприятно не соглашаться с моими коллегами-визгунами, но мы с мужем были так разочарованы этим местом.;0
Ждал 2 часа и так и не получил ни одной из наших пицц, как многие другие вокруг нас, которые пришли позже!;0
Просто не знаю, почему они были такими медленными.;0
Персонал отличный, еда восхитительная, и у них невероятный выбор пива.;1
Я живу по соседству, поэтому я разочарован, что не вернусь сюда, потому что это удобное место.;0
Я не знал, что тушеная свинина может быть оооочень вкусной.;1
Вы получаете невероятно свежую рыбу, приготовленную с особой тщательностью.;1
Прежде чем я перейду к вопросу о том, почему я дал оценку 1 звезда, пожалуйста, знайте, что это был мой третий раз, когда я ел в Bachi burger, прежде чем написать отзыв.;0
Мне нравится тот факт, что все в их меню того стоит.;1
Никогда больше я не буду ужинать в этом месте!;0
Еда была превосходной, и обслуживание было очень хорошим.;1
Хороший выбор пива и напитков и хороший выбор продуктов питания.;1
Пожалуйста,держитесь подальше от жареной лапши с креветками.;0
Заказ на картофельные чипсы был печальным... Я, вероятно, мог бы сосчитать, сколько фишек было в этой коробке, и, вероятно, их было около 12.;0
Еда была действительно скучной.;0
Хорошее обслуживание-проверка!;1
Эта жадная корпорация НИКОГДА больше не увидит от меня ни цента!;0
Никогда, никогда не вернусь.;0
Как бы мне ни хотелось вернуться, я не могу пройти эту ужасную службу и никогда не вернусь.;0
Летом вы можете пообедать в очаровательном открытом патио - так восхитительно.;1
Я не ожидал, что это будет так хорошо!;1
Фантастическая еда!;1
Она заказала поджаренную английскую булочку, которая вышла необжаренной.;0
Еда была очень хорошей.;1
Никогда не вернусь.;0
Отличная еда по цене, которая очень качественная и домашняя.;1
С другой стороны, мальчик из автобуса был таким грубым.;0
К этому моменту мы с друзьями в основном поняли, что это место было шуткой, и не возражали против того, чтобы об этом стало известно публично и громко.;0
Вернитесь к хорошему барбекю, более легким тарифам, разумным ценам и скажите публике, что они вернулись к старым привычкам.;1
И учитывая, что мы вдвоем уехали оттуда очень сытыми и счастливыми примерно за 20 долларов, вы просто не можете ошибиться.;1
Весь хлеб делается в доме!;1
Единственным недостатком является услуга.;0
Кроме того, картошка, без сомнения, самая худшая картошка, которую я когда-либо пробовал.;0
Обслуживание было исключительным, и еда была хорошей, как и все отзывы.;1
Через пару месяцев я вернулся и чудесно поел.;1
Любимое место в городе для шаурррррма!!!!!!;1
Черный горошек и сладкий картофель... НЕРЕАЛЬНО!;1
Вы не будете разочарованы.;1
Они могли бы подать его только с винегретом, и это могло бы улучшить общее блюдо, но оно все равно было очень хорошим.;1
Я посещаю слишком много мест и никогда не видел ресторана, где подают завтрак из 1 яйца, особенно за 4,00 доллара.;0
Когда мы с мамой вернулись домой, ей сразу же стало плохо, и она съела всего несколько кусочков салата.;0
С серверами не очень приятно иметь дело, и они не всегда соблюдают купоны Pizza Hut.;0
Оба они были действительно невероятно хороши, и я так рад, что мы вернулись.;1
У нас было фантастическое обслуживание, и мы были довольны атмосферой.;1
Все было отвратительно.;0
Я люблю это место.;1
Отличное обслуживание и еда.;1
Во - первых - ванные комнаты в этом месте были грязными-Чехлы на сиденья не были пополнены и просто отвратительно!!!;0
"Бургер... Я получил ""Золотой стандарт"" за гамбургер стоимостью 17 долларов и был немного разочарован.";0
Боже, еда была восхитительной!;1
В этом месте нет ничего подлинного.;0
в спагетти нет ничего особенного.;0
Из всех блюд лосось был лучшим, но все они были великолепны.;1
Овощи такие свежие, а соус похож на настоящий тайский.;1
Это стоит того, чтобы приехать из Тусона!;1
Выбор был, вероятно, худшим, что я видел в Вегасе.....не было ни одного.;0
Довольно хороший выбор пива тоже.;1
Это место похоже на Чипотл, но ЛУЧШЕ.;1
Классная/теплая атмосфера, веселые и свежие закуски, сочные стейки (бейсбольный стейк!!!!!;1
"5 звезд за приложение ""хлеб в кирпичной печи""!";1
Я ел здесь несколько раз, и каждый раз еда была вкусной.;1
Мы посидели еще десять минут, наконец сдались и ушли.;0
Он был ужасен!;0
Ко всем относятся одинаково по-особому.;1
Это не должно занять 30 минут для блинов и яиц.;0
Это было восхитительно!!!;1
С хорошей стороны, персонал был по - настоящему приятным и восторженным-настоящее удовольствие.;1
К сожалению, стейк Гордона Рэмси-это место, которого мы будем резко избегать во время нашей следующей поездки в Вегас.;0
Как всегда, вечер был чудесным, а еда вкусной!;1
Лучшая рыба, которую я когда-либо пробовал в своей жизни!;1
(Ванная комната находится по соседству и очень красивая.);1
Шведский стол небольшой, и вся еда, которую они предлагали, была ПРЕСНОЙ.;0
Это замечательный маленький ресторанчик с одними из лучших блюд, которые я когда-либо пробовал.;1
Довольно круто, я бы сказал.;1
Определенно, для меня это выключение, и я сомневаюсь, что вернусь, если только кто-то другой не купит.;0
Сервер отлично справился с нашей большой шумной таблицей.;1
Я нахожу, что тратить впустую еду отвратительно, но это была просто не еда.;0
Моя жена ела суп из супа с омарами, который был тепловатым.;0
Вернулся бы снова, если бы у меня была тяга к суши, находясь в Вегасе.;1
Персонал отличный, атмосфера отличная.;1
Он заслуживает 5 звезд.;1
Я ушел с болью в животе и весь остаток дня чувствовал себя плохо.;0
Они сбросили больше, чем мяч.;0
Столовая небольшая, но элегантно оформленная и удобная.;1
Они настроят ваш заказ так, как вы захотите, я обычно готовлю баклажаны с обжаренной зеленой фасолью, мне это нравится!;1
А бобы и рис были в лучшем случае посредственными.;0
Лучшие тако в городе на сегодняшний день!!;1
Я забрал свои деньги и убрался оттуда.;0
В интересной части города это удивительное место.;1
ГРУБОЕ И НЕВНИМАТЕЛЬНОЕ РУКОВОДСТВО.;0
Персонал теперь не такой дружелюбный, время ожидания, пока его обслужат, ужасное, первые 10 минут никто даже не здоровается.;0
Я не вернусь.;0
У них отличные обеды.;1
Обслуживание было потрясающим, и я определенно рекомендую палтуса.;1
Еда была ужасной.;0
НИКОГДА БОЛЬШЕ НЕ ВЕРНУСЬ И НЕ РАССКАЖУ МНОГИМ ЛЮДЯМ О ТОМ, ЧТО ПРОИЗОШЛО.;0
Я не рекомендую, если только ваша машина не сломается перед ней, и вы не проголодаетесь.;0
Я буду возвращаться сюда каждый раз, когда буду в Вегасе.;1
Это место заслуживает одной звезды, и 90% из них связано с едой.;0
Это позор.;0
Деф вернется в миску в следующий раз;1
Если вы хотите здоровой аутентичной или этичной пищи, попробуйте это место.;1
Я был здесь несколько раз в прошлом, и этот опыт всегда был замечательным.;1
Мы ушли набитыми и довольными нашим первым шведским столом в Вегасе.;1
Обслуживание было отличным, а цены довольно разумными, учитывая, что это Вегас и расположен в торговом центре Crystals от Aria.;1
Подводя итог... еда была невероятной, нет, превосходящей все... но ничто так не радует меня, как воспоминание о пневматическом дозаторе приправ.;1
Я, наверное, один из немногих людей, которые когда-либо ходили в Ians и им это не нравилось.;0
Детская пицца тоже всегда является хитом с большим количеством отличных вариантов гарниров для детей!;1
Обслуживание идеальное, и приятно видеть семейную атмосферу.;1
Приготовлено идеально, и обслуживание было безупречным.;1
Это просто разочарование.;0
В целом, я был очень разочарован качеством еды в Бушоне.;0
Мне не нужно быть бухгалтером, чтобы знать, что меня подставляют!;0
Отличное место, где можно поесть, напоминает мне маленькие магазинчики для мам и пап в районе залива Сан-Франциско.;1
Сегодня я впервые попробовал хот-дог для гурманов Buldogis, и я должен сказать вам, что это было больше, чем я когда-либо думал возможным.;1
Ушел очень расстроенным.;0
Я определенно скоро снова приду.;1
Еда была действительно хорошей, и я быстро наелся.;1
Обслуживание было фантастическим.;1
ПОЛНАЯ ПОТЕРЯ ВРЕМЕНИ.;0
Я не знаю, что это за сорт, но у них лучший чай со льдом.;1
Приходите голодными, уходите довольными и сытыми!;1
За службу я не даю им никаких звезд.;0
Я могу заверить вас, что вы не будете разочарованы.;1
Я могу принять немного плохое обслуживание, но еда отстой.;0
Отказался от попыток съесть какую-либо корочку (зубы все еще болят).;0
Но теперь я был в полном отвращении.;0
Мне действительно понравилось здесь есть.;1
Первый раз иду, но думаю, что быстро стану завсегдатаем.;1
Наш сервер был очень милым, и хотя он выглядел немного подавленным всеми нашими потребностями, он оставался профессиональным и дружелюбным до конца.;1
Из того, что мне рассказали мои компаньоны по ужину...все было очень свежим, с приятной текстурой и вкусом.;1
На земле, прямо рядом с нашим столом, лежала большая, размазанная, повсюду-наступавшая-и-отслеживаемая-куча зеленого птичьего помета.;0
Кроме того, вы даже не можете найти часы работы на сайте!;0
Мы пытались понравиться этому месту, но после 10 с лишним раз я думаю, что с ними покончено.;0
Какая это была ошибка!;0
Никаких жалоб!;1
Это действительно хорошая пицца, и я эксперт/посредник в этой теме.;1
Официант был придурком.;0
Страйк 2, кто хочет, чтобы его поторопили.;0
Это самые милые владельцы ресторанов, с которыми я когда-либо сталкивался.;1
Я больше никогда не приду.;0
Нам очень понравилось печенье!!!;1
Обслуживание быстрое и дружелюбное.;1
Заказал закуску и потратил 40 минут, а затем пиццу еще 10 минут.;0
Так абсолютно фантастично.;1
Это был огромный неуклюжий кусок коровы весом 1,5 фунта, который был на 3-4 хряща и жир.;0
определенно вернется сюда снова.;1
Мне нравится Стейнерс, потому что здесь темно и похоже на бар.;1
Ничего себе, очень остро, но вкусно.;1
Если вы не знакомы, проверьте это.;1
Я возьму свои доллары за деловой ужин в другом месте.;0
Я бы с удовольствием вернулся.;1
В любом случае, в этом ресторане FS есть замечательный завтрак/обед.;1
Ничего особенного.;0
Каждый день недели они заключают разные сделки, и все это так вкусно!;1
Не говоря уже о сочетании груш, миндаля и бекона-большой выигрыш!;1
Не вернется.;0
Соус был безвкусным.;0
Еда вкусная и достаточно острая, поэтому не забудьте попросить острее, если вам так больше нравится.;1
Мой стейк риби был отлично приготовлен и имел отличный мескитовый вкус.;1
Я не думаю, что мы вернемся в ближайшее время.;0
Еда была такой вкусной.;1
Я далек от знатока суши, но я определенно могу отличить хорошую еду от плохой, и это, безусловно, была плохая еда.;0
Я был так оскорблен.;0
Последние 3 раза, когда я обедал здесь, было плохо.;0
Куриные крылышки содержали самое сухое куриное мясо, которое я когда-либо ел.;0
Еда была очень хорошей, и я наслаждался каждым глотком, приятным непринужденным местом для пар, небольших семейных групп и т. Д.;1
Наргиле - я думаю, ты великолепна.;1
Лучшие картофельные пельмени на юго-западе.;1
Нам очень понравилось это место.;1
Определенно не стоит тех 3 долларов, которые я заплатил.;0
Ванильное мороженое было сливочным и гладким, в то время как печенье с профитролью (choux) было достаточно свежим.;1
Я все время в АЗЕ, и теперь у меня есть мое новое место.;1
Менеджер был хуже всех.;0
Внутри действительно очень красиво и очень чисто.;1
Еда была превосходной, и цены были очень разумными.;1
Я не думаю, что в ближайшее время вернусь к Карли за едой.;0
Это произошло из-за того, что потребовалось 20 минут, чтобы получить подтверждение, а затем еще 35 минут, чтобы получить нашу еду...и они все время что-то забывали.;0
Тоже люблю маргариту!;1
Это был мой первый и единственный вегасский фуршет, и он меня не разочаровал.;1
Очень хорошо, однако!;1
Единственное, что следует отметить, - вентиляция может нуждаться в некотором обновлении.;0
Отличный сэндвич со свининой.;1
Не тратьте здесь свое время.;0
Полное разочарование, я бы предпочел просто пойти в цветочный магазин Camelback и выпить кофе с Картелем.;0
В-третьих, сыр на бургере моего друга был холодным.;0
Мы наслаждаемся их пиццей и поздним завтраком.;1
Все стейки хорошо подрезаны и также отлично приготовлены.;1
У нас была группа из 70+, когда мы утверждали, что у нас будет только 40, и они прекрасно с нами обращались.;1
Мне это ПОНРАВИЛОСЬ!;1
Мы попросили счет, чтобы уйти, не поев, и этого они тоже не принесли.;0
Это место-жемчужина Лас-Вегаса, и именно это я надеялся найти почти за десять лет жизни здесь.;1
Морепродукты были ограничены вареными креветками и крабовыми ножками, но крабовые ножки определенно не были свежими на вкус.;0
Выбор блюд был не из лучших.;0
Вкусно, и я обязательно вернусь!;1
Это не маленький семейный ресторан, это изысканное заведение.;1
У них был тартар торо с икрой, который был необыкновенным, и мне понравился тонко нарезанный вагю с белым трюфелем.;1
Я не думаю, что вернусь надолго.;0
Он был прикреплен к заправочной станции, а это редко бывает хорошим знаком.;0
Как это потрясающе.;1
Я скоро вернусь много раз.;1
В меню было так много вкусных блюд, что я никак не мог определиться!;1
Хуже всего то, что он унизил своего работника прямо у меня на глазах ... Куча ужасных обзывательств.;0
ВЫВОД: Очень сытные блюда.;1
Их ежедневные специальные предложения всегда пользуются успехом у моей группы.;1
А потом случилась трагедия.;0
Блин тоже был очень хорош и при этом довольно большой.;1
Это был мой первый опыт с раками, и это было восхитительно!;1
Их чудовищный жареный стейк с курицей и яйцами-мой самый любимый за все время.;1
Официантка была милой и забавной.;1
Мне также пришлось попробовать многозерновые тыквенные блины моей мамы с маслом ореха пекан, и они были потрясающими, пушистыми и вкусными!;1
Я бы предпочел есть авиационную еду, серьезно.;0
Не могу сказать достаточно хорошего об этом месте.;1
Атмосфера была невероятной.;1
Официантка и менеджер такие дружелюбные.;1
Я бы не рекомендовал это место.;0
В целом, Noca меня не очень впечатлила.;0
Мой гироскоп был в основном только из салата.;0
Ужасное обслуживание!;0
Глубоко разочарован!;0
Я не люблю много пасты, но мне нравится домашняя /ручная паста и тонкая пицца здесь.;1
Попробуйте, вы будете счастливы, что сделали это.;1
Безусловно, ЛУЧШИЕ чизкейки, которые мы когда-либо пробовали!;1
Также по разумной цене!;1
В ту ночь, когда мы были там, все было идеально.;1
Еда очень хороша для вашей типичной еды в баре.;1
это была поездка, чтобы добраться туда.;0
На первый взгляд это прекрасное кафе - пекарня-приятная атмосфера, чистый, дружелюбный персонал.;1
Во всяком случае, я не думаю, что вернусь туда.;0
Наведите палец на любой пункт меню, закажите его, и вы не будете разочарованы.;1
О, это такая красота, этот ресторан.;1
Если вы еще не ушли отсюда, ИДИТЕ СЕЙЧАС!;1
Жирная, нездоровая еда.;0
первый раз там и, возможно, просто последний.;0
Эти гамбургеры были потрясающими.;1
Точно так же курьер не сказал ни слова извинения, когда наша еда опоздала на 45 минут.;0
И это было слишком дорого.;0
Обязательно закажите десерт, даже если вам нужно упаковать его на ходу-за тирамису и канноли можно умереть.;1
Это был мой первый раз, и я не могу дождаться следующего.;1
Бармен тоже был милым.;1
Все было хорошо и вкусно!;1
Это место-два больших пальца вверх....путь наверх.;1
Лучшее место в Вегасе для завтрака (просто проверьте Сб или Вс.;1
Если вы любите настоящую мексиканскую кухню и хотите заказать целую кучу интересного, но вкусного мяса на выбор, вам нужно попробовать это место.;1
Ужасное управление.;0
Отличный новый ресторан от опытного француза.;1
Если бы было ноль звезд, я бы дал ему ноль звезд.;0
Отличный стейк, отличные гарниры, отличное вино, потрясающие десерты.;1
Худший мартини в истории!;0
Стейк и креветки, на мой взгляд, лучшие первые блюда в GC.;1
Сегодня у меня была возможность попробовать вашу потрясающую пиццу!;1
Мы ждали тридцать минут, чтобы сесть (хотя было 8 свободных столиков, и мы были единственными, кто ждал).;0
Карпаччо из желтохвоста таяло во рту свежим.;1
Я не буду пытаться вернуться туда, даже если там пусто.;0
Нет, я собираюсь съесть картофелину, в которой нашел чужие волосы.;0
Просто достаточно острый.. На самом деле идеально.;1
Прошлой ночью я ужинал здесь во второй раз, и я был так счастлив, что решил вернуться!;1
"даже не ""здравствуйте, мы сейчас будем с вами"".";0
Десерты были немного странными.;0
Мы с моим парнем впервые приехали сюда во время недавней поездки в Вегас и были очень довольны качеством еды и обслуживания.;1
Я действительно рекомендую это место, вы можете ошибиться с этим местом для пончиков!;1
Приятная атмосфера.;1
Я бы рекомендовал сэкономить место для этого!;1
Я думаю, может быть, мы пошли в выходной вечер, но это было позорно.;0
Однако мой недавний опыт в этом конкретном месте был не так хорош.;0
Я знаю, что это совсем не похоже на другие рестораны, здесь что-то не так!;0
ИЗБЕГАЙТЕ ЭТОГО ЗАВЕДЕНИЯ!;0
Я думаю, что этот ресторан страдает от того, что недостаточно старается.;0
Все блюда тапас были восхитительны!;1
Я *сердце* этого места.;1
В моем салате был мягкий уксус с детской зеленью и сердцевиной пальмы.;0
После двух я почувствовал себя отвратительно.;0
Хорошо провели время!;1
Я считаю, что это место-отличная остановка для тех, у кого огромный живот и кто жаждет суши.;1
Щедрые порции и отличный вкус.;1
Я никогда не вернусь в это место и никогда никому не буду рекомендовать это место!;0
"Серверы несколько раз переходили туда и обратно, даже не спрашивая ""Вам помогают?""";0
Еда была восхитительной!;1
ЧАС... серьезно?;0
Я считаю это воровством.;0
Фу... Это место нуждается в полном капитальном ремонте.;0
Недавно мы стали свидетелями ее низкого качества управления и по отношению к другим гостям.;0
Ждал, ждал и ждал.;0
Он также регулярно возвращался, чтобы проведать нас, отличное обслуживание.;1
Наш сервер был очень хорошим и проверял нас много раз.;1
Пицца была старой на вкус, очень жевательной в не очень хорошем смысле.;0
Я зашел, чтобы дать им попробовать, но был глубоко разочарован.;0
Обслуживание было хорошим, а компания-лучше!;1
Персонал также очень дружелюбный и эффективный.;1
Что касается обслуживания: я фанат, потому что это быстро, и вас обслуживают несколько хороших людей.;1
Мальчик, был ли этот сосунок сухим!!.;0
Завышенная оценка.;0
Если вы ищете аутентичную тайскую кухню, пойдите еще куда-нибудь.;0
Их стейки рекомендуются на 100%!;1
После того, как я остановил свою машину, я подождал еще 15 минут, прежде чем меня признали.;0
Отличная еда и отличное обслуживание в чистой и дружелюбной обстановке.;1
В общем, я могу заверить вас, что вернусь.;1
Я ненавижу эти вещи так же сильно, как дешевые качественные черные оливки.;0
Мой завтрак был приготовлен великолепно, с прекрасной подачей 3 гигантских ломтиков тоста, слегка посыпанных сахарной пудрой.;1
Детская игровая площадка ОТВРАТИТЕЛЬНА!;0
Отличное место, чтобы поесть или перекусить.;1
Официантка была дружелюбна и с радостью согласилась на веганские/вегетарианские блюда.;1
Боже, я чувствовал себя так, словно никогда не ел тайскую еду до этого блюда.;1
"Это было чрезвычайно ""крошево"" и довольно безвкусно.";0
Он был бледного цвета вместо приятного и обугленного и НЕ имел вкуса.;0
Гренки также имеют домашний вкус, что является дополнительным плюсом.;1
Я вернулся домой, чтобы увидеть самые сухие чертовы крылья на свете!;0
Это будет обычная остановка во время моих поездок в Финикс!;1
Не очень хорошо за такие деньги.;0
Я скучаю по нему и жалею, что у них нет такого в Филадельфии!;1
Мы сели довольно быстро, но в итоге прождали 40 минут только для того, чтобы оформить заказ, еще за 30 минут до того, как принесли еду.;0
У них также есть лучшая хрустящая корочка с сыром в городе.;1
Хорошее соотношение цены и качества, отличная еда, отличное обслуживание.;1
Не мог и мечтать о более сытной еде.;1
Еда хорошая.;1
Это было потрясающе.;1
Я просто хотел уйти.;0
Мы проделали весь путь от Северного Скоттсдейла... и я ни капельки не был разочарован!;1
Я больше не буду там есть.;0
!....ВЛАДЕЛЬЦАМ ДЕЙСТВИТЕЛЬНО ДЕЙСТВИТЕЛЬНО нужно перестать быть ооооочень дешевыми, пусть они завернут мой долбаный сэндвич в две бумаги, а не в одну!;0
Я проверил это место пару лет назад и не был впечатлен.;0
Курица, которую я получил, определенно была разогрета и была только в порядке, клинья были холодными и сырыми.;0
Извините, я не буду получать еду отсюда в ближайшее время :(;0
Обязательно посетите!;1
Тако с коровьим языком и щеками восхитительны.;1
Моему другу не понравилась его Кровавая Мэри.;0
Несмотря на то, как сильно я оцениваю бизнес, на самом деле я редко даю 1 звезду.;0
Они действительно хотят сделать ваш опыт хорошим.;1
Я не вернусь.;0
У меня была курица Фо, и она была очень мягкой на вкус.;0
Очень разочаровывает!!!;0
Курица-гриль была такой нежной и желтой от приправы с шафраном.;1
поездка через город означает, что вы не хотите ждать полчаса, чтобы поесть, но почему-то, когда мы в конечном итоге едем сюда, они заставляют нас ждать и ждать.;0
Довольно удивительное место.;1
Атмосфера идеальна.;1
Желаю удачи новому руководству, ориентированному на грубое и не ориентированное на обслуживание клиентов.;0
Любая бабушка может приготовить жареную курицу лучше, чем эта.;0
Я несколько раз спрашивал карту вин, и через некоторое время, когда меня проигнорировали, я пошел к хозяйке и взял ее сам.;0
Персонал всегда очень дружелюбный и услужливый, что особенно здорово, когда вы приводите с собой двух маленьких мальчиков и ребенка!;1
Четыре звезды за еду и парня в синей рубашке за его отличную атмосферу и все еще разрешающего нам поесть !;1
Сэндвич с ростбифом был действительно вкусным!;1
В тот же вечер мы с ним оба смертельно больны.;0
"Высококачественная курица в салате ""Цезарь с курицей"".";1
Заказал редкий бургер, пришел, мы закончим.;0
Нас быстро поприветствовали и усадили.;1
Пытался пойти сюда на обед, и это был сумасшедший дом.;0
Этот суши-бар доказал мою полную неправоту не только потому, что качество отличное, но и потому, что обслуживание быстрое, а еда безупречная.;1
Прождав час и сев, я был не в лучшем настроении.;0
Это хорошее заведение.;1
Макароны здесь безумно хороши.;1
Я не буду здесь есть!;0
Наш официант был очень внимательным, дружелюбным и информативным.;1
Может быть, если бы они не были холодными, они были бы несколько съедобными.;0
В этом месте много обещаний, но они не оправдываются.;0
Очень плохой Опыт!;0
Какая ошибка.;0
Еда в лучшем случае была средней.;0
Отличная еда.;1
Мы не вернемся в ближайшее время!;0
Очень, очень разочарован заказал Большой Бэй-плейтер за 35 долларов.;0
Отличное место, чтобы расслабиться и заказать потрясающий бургер и пиво.;1
Он ИДЕАЛЬНО подходит для семейного ужина или встречи с несколькими друзьями.;1
В них не так много вкуса, и они очень плохо сконструированы.;0
Места во внутреннем дворике были очень удобными.;1
Жареный рис тоже был сухим.;0
Передаю вам мой любимый итальянский ресторан!;1
"Это просто КРИЧИТ ""ЗАКОННО"" в моей книге...что-то, что также довольно редко встречается здесь, в Вегасе.";1
Это был просто не очень веселый опыт.;1
Атмосфера была великолепной, прекрасный дуэт скрипачей играл песни, которые мы просили.;1
Лично я люблю хумус, лаваш, пахлаву, фалафели и Бабу Гануш (удивительно, что они делают с баклажанами!).;1
Очень удобно, так как мы остановились в MGM!;1
Владельцы очень дружелюбные, а персонал вежливый.;1
Оба великолепны!;1
Эклектичный выбор.;1
Сладкие картофельные крошки были хороши, но луковые кольца были совершенством или так близки, как у меня были.;1
Персонал был очень внимателен.;1
И шеф-повар был щедр со своим временем (даже приходил дважды, чтобы мы могли сфотографироваться с ним).;1
Владелец раньше работал в Нобу, так что это место действительно похоже за половину цены.;1
Google посредственный, и я представляю, как появится Smashburger.;0
не ходи сюда.;0
Я обещаю, что они не разочаруют.;1
Как любитель суши, всеми силами избегайте этого места.;0
Какой отличный двойной чизбургер!;1
Потрясающее обслуживание и еда.;1
Фантастическая жемчужина района !!!;1
Я не могу дождаться, когда вернусь.;1
Бананы были худшими, которые я когда-либо пробовал.;0
Это отличное место, и я очень рекомендую его.;1
Обслуживание было медленным и невнимательным.;0
Я дал ему 5 звезд тогда, и я даю ему 5 звезд сейчас.;1
Ваши сотрудники тратят больше времени на разговоры сами с собой, чем со мной.;0
Десерт: Панна Котта была потрясающей.;1
Очень хорошая еда, отличная атмосфера.1;1
Чертовски хороший стейк.;1
Полный провал позднего завтрака.;0
Цены очень разумные, вкусы на высоте, соус домашнего приготовления, а капуста не пропитана майонезом.;1
Обстановка приятная, а саундтрек к фортепианной музыке приятный.;1
Стейк был потрясающим...филе rge реллено было лучшей тарелкой из морепродуктов, которую я когда-либо пробовал!;1
Хорошая еда , хорошее обслуживание .;1
Это было совершенно потрясающе.;1
Я, наверное, не вернусь, если честно.;0
обязательно вернусь!;1
Сэндвич с говядиной сержанта пеппера с соусом ауджу также является отличным сэндвичем.;1
Гавайский бриз, Магия Манго и Наслаждение ананасом-это коктейли, которые я пробовал до сих пор, и все они хороши.;1
Пошел на обед - обслуживание было медленным.;0
Нам так много нужно было сказать об этом месте, прежде чем мы вошли, что он ожидал, что оно будет потрясающим, но быстро разочаровался.;0
Я был унижен.;0
Излишне говорить, что мы никогда больше сюда не вернемся.;0
В любом случае, еда определенно была совсем не сытной, и за ту цену, которую вы платите, вы должны ожидать большего.;0
Чипсы, которые вышли, были покрыты жиром и в основном не съедобны.;0
На меня не произвел особого впечатления стейк-стрип.;0
Мы работаем с 2007 года, и каждый прием пищи был потрясающим!!;1
Наш официант был очень милым и внимательным, как и другие обслуживающие сотрудники.;1
Кассир был дружелюбен и даже принес мне еду.;1
Я работаю в индустрии гостеприимства в Райской долине и больше не рекомендую Cibo.;0
Атмосфера здесь веселая.;1
Не рекомендовал бы другим.;0
"Обслуживание быстрое, и даже заказы ""на вылет"" такие, как нам нравится!";1
Я имею в виду на самом деле, как ты можешь так прославиться своей рыбой с жареной картошкой, когда это так ужасно!?!;0
Тем не менее, наши рты и животы все еще были вполне довольны.;1
Не мое дело.;0
2 Больших Пальца Вверх!!;1
Если вы читаете это, пожалуйста, не ходите туда.;0
Мне очень понравилась пицца на гриле, напомнившая мне настоящую итальянскую пиццу.;1
Только плюсы : Большая гостиная зона/ Хороший бар/ Отличное простое меню напитков/ ЛУЧШАЯ пицца в кирпичной печи с домашним тестом!;1
У них действительно приятная атмосфера.;1
Сегодня вечером у меня было специальное филе лося...и оно было отстойным.;0
После одного укуса я попался на крючок.;1
Мы заказали несколько старых классических и несколько новых блюд после того, как побывали там несколько раз, и были очень разочарованы всем.;0
Милый, необычный, простой, честный.;1
Курица была восхитительно приправлена и имела идеальную жареную снаружи и влажную курицу внутри.;1
Еда, как всегда, была великолепной, комплименты шеф-повару.;1
Особая благодарность Дилану Т. за рекомендацию о том, что заказать :) Все вкуснятина для моего животика.;1
Потрясающий выбор пива.;1
Отличная еда и потрясающее обслуживание!;1
Одной приятной вещью было то, что они добавили чаевые в счет, так как наша вечеринка была больше, чем 6 или 8, и они не ожидали больше чаевых, чем это.;1
В моем яблочном соке была МУХА.. МУХА!!!!!!!!;0
Курица Хань Нань тоже была очень вкусной.;1
Что касается обслуживания, я подумал, что оно было хорошим.;1
Еда была едва теплой, так что, должно быть, она сидела и ждала, пока официант принесет ее нам.;0
Бар Райана - определенно одно из эдинбургских заведений, в которое я не буду возвращаться.;0
Самый хороший китайский ресторан, в котором я когда-либо был.;1
В целом, мне нравится там еда и обслуживание.;1
Они также теперь подают индийский хлеб наан с хумусом и каким-то острым соусом из кедровых орехов, который был не от мира сего.;1
Вероятно, никогда не вернусь и не рекомендовал бы этого делать.;0
Паста друга-тоже плохая, он к ней почти не притронулся.;0
Попробуйте их в аэропорту, чтобы насладиться вкусной едой и быстрым, дружелюбным обслуживанием.;1
Мне нравится декор с китайской каллиграфией на обоях.;1
Здесь никогда не было на что жаловаться.;1
Ресторан очень чистый и в нем царит атмосфера семейного ресторана.;1
Это было слишком жарено.;0
Я не уверен, как долго мы там стояли, но этого было достаточно, чтобы я начал чувствовать себя неловко не на своем месте.;0
Когда я открыл бутерброд, я был впечатлен, но не в хорошем смысле.;0
Не вернется!;0
Обслуживание было теплым, и я чувствовал себя их гостем для особого угощения.;1
Обширное меню предлагает множество вариантов завтрака.;1
Я всегда заказываю вегетарианское меню во время ужина, в котором есть широкий выбор вариантов на выбор.;1
Я наблюдал, как их цены растут, порции становятся меньше, а отношение руководства быстро растет!;0
"Чудесные закуски ""лил тапас"" и атмосфера заставили меня почувствовать себя такой теплой и пушистой внутри.";1
Я должен насладиться салатом из морепродуктов с потрясающим уксусом.;1
Вонтоны были тонкими, а не толстыми и жевательными, почти тающими во рту.;1
Острый уровень 5 был идеальным, где специи не переедали суп.;1
Мы сели точно вовремя, и наш сервер с самого начала был ФАНТАСТИЧЕСКИМ!;1
Главное, что мне не понравилось, - это то, что толпа людей постарше, примерно от 30 лет и старше.;0
Когда я буду в этой части города, это определенно будет место, в которое я снова попаду!;1
Мне пришлось ждать более 30 минут, чтобы получить свой напиток, и дольше, чтобы получить 2 арепы.;0
Это ОТЛИЧНОЕ место, чтобы поесть!;1
Бекон из халапеньо оооочень хорош.;1
Обслуживание было плохим, и это было приятно.;0
Еда была хорошей, обслуживание было хорошим, цены были хорошими.;1
Место не было чистым, а еда была такой несвежей!;0
Блюда из курицы в порядке, говядина похожа на кожу для обуви.;0
Но обслуживание было просто ужасным.;0
"Я так счастлива быть здесь!!!""";1
На вкус как грязь.;0
Одно из немногих мест в Финиксе, куда я определенно вернулся бы снова .;1
Квартал был потрясающим.;1
Это недалеко от моего дома, это скромно, не модно, доступные цены, хорошая еда.;1
* И горячие , и Кислые, и Яичные Цветочные супы были абсолютно 5 звездами!;1
Мои сашими были низкого качества, сырые и безвкусные.;0
Отличное время - семейный ужин в воскресенье вечером.;1
"еда совсем не вкусная, не говоря уже о ее ""настоящем традиционном стиле Хунань"".";0
Что меня действительно беспокоило, так это медленное обслуживание.;0
Бармены с чутьем просто потрясающие!;1
Их замороженные маргариты слишком сладкие на мой вкус.;0
Они были так хороши, что мы заказали их дважды.;1
Итак, в двух словах: 1) Ресторан пахнет сочетанием грязного рыбного рынка и канализации.;0
Телятина моей подруги была очень плохой.;0
К сожалению, это было нехорошо.;0
У меня был довольно приятный опыт.;1
Присоединяйтесь к клубу и получайте потрясающие предложения по электронной почте.;1
Идеально подходит для кого-то (меня), кто любит только пиво со льдом, или, в данном случае, еще холоднее.;1
Мягкое и безвкусное-хороший способ описать едва теплое мясо.;0
Цепи, которые я не фанат, легко разбивают это место.;0
Начос ПРОСТО НЕОБХОДИМЫ!;1
Мы больше не вернемся.;0
У меня не так много слов, чтобы сказать об этом месте, но оно все делает довольно хорошо.;1
Персонал очень приятный и очень быстрый, даже несмотря на сумасшедшие толпы присяжных, адвокатов и сотрудников суда в центре города.;1
Отличная атмосфера, дружелюбное и быстрое обслуживание.;1
Когда я получил свой Лаваш, он был огромным, в нем было много мяса, так что большие пальцы там.;1
Как только ваша еда прибудет, это будет мех.;0
"Платить 7,85 доллара за хот-дог и жареную картошку, которая выглядит так, будто ее приготовили из детского ужина в ""Венершницеле"", - это не мое представление о хорошей еде.";0
Классический ролл из омаров штата Мэн был фантастическим.;1
Мой зять, который работает в торговом центре, ел здесь в тот же день, и угадайте, что он тоже болел всю ночь.;0
Так хорошо, что мне придется пересмотреть это место дважды - один раз как дань уважения этому месту и один раз как дань событию, состоявшемуся здесь прошлой ночью.;1
Чипсы и сальса были действительно хороши, сальса была очень свежей.;1
Это замечательное место!!!!!!!!!!!!!!;1
Посредственная еда.;0
Как только вы войдете внутрь, вы будете впечатлены этим местом.;1
Я супер писсд.;0
И обслуживание было очень дружелюбным.;1
Почему эти печальные маленькие овощи так переварены?;0
Это место было таким приятным сюрпризом!;1
Они были золотисто-хрустящими и восхитительными.;1
Я возлагал большие надежды на это место, так как гамбургеры готовятся на угольном гриле, но, к сожалению, вкус оказался плоским, очень плоским.;0
Я мог бы есть их брускетту весь день, это божественно.;1
Ни один сотрудник не вышел посмотреть, все ли с нами в порядке, или даже не нуждался в пополнении запасов воды, как только они, наконец, подали нам еду.;0
Наконец, палочки моцареллы, это было лучшее, что мы заказали.;1
Когда я впервые приехал сюда, у меня был удивительный опыт, я до сих пор рассказываю людям, какой потрясающей была утка.;1
Сервер был очень небрежен к нашим потребностям и заставил нас чувствовать себя очень нежеланными гостями... Я бы не советовал это место!;0
Однако обслуживание было ужасным.;0
Это место по завышенной цене, не соответствует их бобе, и оно действительно по ЗАВЫШЕННОЙ ЦЕНЕ!;0
Он был упакован!!;0
Я люблю это место.;1
Я могу сказать, что десерты были вкусными.;1
Еда была ужасной.;0
Сезонным фруктом было свежее пюре из белых персиков.;1
Это становилось все хуже и хуже, так что теперь я официально закончил.;0
Это место, честно говоря, должно быть взорвано.;0
Но я определенно не стал бы есть здесь снова.;0
Не тратьте здесь свои деньги впустую!;0
Мне нравится, что они кладут свою еду в красивые пластиковые контейнеры, а не запихивают ее в маленькие бумажные коробки для еды на вынос.;1
Корочка была нежной, тонкой и влажной.;1
Ужасное обслуживание.;0
Никогда больше сюда не пойду.;0
Качество еды было ужасным.;0
За такую цену я могу придумать несколько мест, куда бы я с большим удовольствием отправился.;0
Обслуживание здесь в лучшем случае справедливое.;0
Я действительно люблю суши, но я обнаружил, что Кабуки слишком дорогой, слишком модный и недостаточно обслуживаемый.;0
Сделайте себе одолжение и держитесь подальше от этого блюда.;0
Очень плохое обслуживание.;0
Никто за столом не думал, что еда была выше среднего или стоила того, чтобы ее ждать.;0
Лучшее обслуживание и еда когда-либо, Мария, наш официант, была такой хорошей и дружелюбной, что она сделала наш день.;1
Они были превосходны.;1
Я оплатил счет, но не дал чаевых, потому что чувствовал, что сервер проделал ужасную работу.;0
Только что пообедал здесь и получил отличные впечатления.;1
У меня никогда не было такой пресной пищи, что меня удивило, учитывая, что в статье, которую мы прочитали, так много внимания уделялось их специям и вкусу.;0
Еда сильно завышена, а порции чертовски малы.;0
Недавно я попробовал Кабальеро, и с тех пор я возвращаюсь каждую неделю!;1
за 40 баксов с головы я действительно ожидаю лучшей еды.;0
Еда доставлялась в хорошем темпе.;1
Я ел там дважды во время моего последнего визита, и мне особенно понравился салат из лосося.;1
Я не вернусь.;0
Мы не могли поверить, насколько грязными были устрицы!;0
Это место не заслуживает никаких звезд.;0
Я бы не рекомендовал это место.;0
На самом деле я собираюсь округлить до 4 звезд, просто потому, что она была такой потрясающей.;1
К моему недоверию, каждое блюдо квалифицировалось как худшая версия этих продуктов, которые я когда-либо пробовал.;0
Плохой день или нет, у меня очень низкая терпимость к грубым сотрудникам службы поддержки клиентов, ваша работа-быть милым и вежливым, в противном случае мыть посуду!!;0
картофель был великолепен, как и печенье.;1
Я бы, наверное, больше сюда не пошел.;0
Такой ароматный и имеет просто идеальное количество тепла.;1
Цена разумная, а обслуживание отличное.;1
Жена ненавидела свою еду (кокосовые креветки), и наши друзья тоже не получали удовольствия от еды.;0
Мой парень получил ранчо huevos, и они выглядели не слишком привлекательно.;0
"Вошел в ""счастливый час"", отличная карта вин.";1
Некоторые могут сказать, что этот буфет дорогой, но я думаю, что вы получаете то, за что платите, и это место, которое вы получаете довольно много!;1
Я, вероятно, больше сюда не вернусь.;0
Худшее питание/обслуживание, которое у меня было за последнее время.;0
Это место довольно хорошее, приятная небольшая атмосфера в ресторане.;1
Говорите об отличном обслуживании клиентов, конечно, мы вернемся.;1
Горячие блюда не горячие, холодные блюда находятся близко к комнатной температуре.Я наблюдал, как персонал готовит еду ГОЛЫМИ РУКАМИ, без перчаток.Все обжаривается во фритюре в масле.;0
Я люблю их картошку фри и их фасоль.;1
Всегда приятно иметь с ним дело.;1
У них есть множество салатов и сэндвичей, и все, что я пробовал, получает мою печать одобрения.;1
Это потрясающее место, если вы хотите чего-то легкого и здорового летом.;1
Для суши на стриптизе это самое подходящее место.;1
Обслуживание было отличным, даже менеджер пришел и помог с нашим столиком.;1
Атмосфера столовой больше походила на кулинарный курс колледжа, чем на высококлассную кухню, и обслуживание в лучшем случае было медленным.;0
Я начал этот обзор с двух звезд, но я редактирую его, чтобы дать ему только одну.;0
это худшие суши, которые я когда-либо ел, кроме Costco.;0
В целом, отличный ресторан, отличающийся отличным обслуживанием, уникальным меню и красивой обстановкой.;1
Мы с моим парнем сидели в баре и имели совершенно восхитительные впечатления.;1
Странная атмосфера от владельцев.;0
Мяса почти не было.;0
У меня были бублики получше из продуктового магазина.;0
Перейдите на Место для гироскопов.;1
Я люблю владельца/шеф-повара, его единственного настоящего японского крутого чувака!;1
Теперь гамбургеры не так хороши, пицца, которая раньше была потрясающей, стала рыхлой и безвкусной.;0
Я нашел в своей сальсе кусок проволоки длиной шесть дюймов.;0
Обслуживание было ужасным, еда-посредственной.;0
Мы определенно получили удовольствие.;1
Я заказал суп из Альбондигаса - который был просто теплым - и по вкусу напоминал томатный суп с замороженными фрикадельками.;0
В трех разных случаях я просил хорошо прожаренный или средний, и все три раза у меня на тарелке был самый кровавый кусок мяса.;0
Я съел около двух кусочков и отказался больше есть.;0
Обслуживание было крайне медленным.;0
После 20 минут ожидания я занял столик.;0
Серьезно убийственный горячий чай латте.;1
В меню не было предупреждений об аллергии, и официантка совершенно не имела понятия, в каких блюдах содержится арахис, а в каких нет.;0
Мой парень попробовал Средиземноморский салат с курицей и влюбился.;1
Их вращающееся разливное пиво также является изюминкой этого места.;1
Ценообразование немного беспокоит зрелых грибов.;0
Худший тайский когда-либо.;0
Если вы останетесь в Вегасе, вы должны позавтракать здесь хотя бы один раз.;1
Сначала я хочу сказать, что наш сервер был отличным, и у нас был отличный сервис.;1
Выбор пиццы хороший.;1
Я пил клубничный чай, который был хорош.;1
Крайне непрофессионально и грубо по отношению к лояльному покровителю!;0
В целом, отличный опыт.;1
Потратьте свои деньги в другом месте.;0
Их обычный поджаренный хлеб был столь же сытным, как и случайные кусочки масла... Мммм...!;1
Шведский стол в Белладжио был далек от того, что я ожидал.;0
И напитки СЛАБЫЕ, люди!;0
-Мой заказ был неверным.;0
Кроме того, я чувствую, что чипы куплены, а не сделаны в домашних условиях.;0
После неутешительного ужина мы отправились в другое место за десертом.;0
Чипсы и салаты здесь просто потрясающие!!!!!!!!!!!!!!!!!!!;1
Мы не вернемся.;0
Это мое новое любимое место для шведского стола в Вегасе.;1
Я серьезно не могу поверить, что у владельца так много неопытных сотрудников, что все бегают вокруг, как цыплята с отрубленными головами.;0
Очень, очень грустно.;0
я чувствовал себя оскорбленным и оскорбленным, как вы могли так говорить и судить другого человека?;0
Как вы можете называть себя стейкхаусом, если не умеете правильно готовить стейк, я не понимаю!;0
Меня не впечатляет концепция или еда.;0
Единственное, от чего я не был слишком без ума, так это от их гуакамоле, так как он мне не нравится, pur?ed.;0
В postinos для меня действительно ничего нет, надеюсь, ваш опыт станет лучше;0
У меня пищевое отравление здесь, в буфете.;0
"Они принесли свежую порцию картошки фри, и я подумал: ""ура, что-нибудь теплое"", но нет!";0
То, что ДОЛЖНО было запомниться веселым, вкусным ужином в канун Рождества, стало для нас самой большой неудачей за всю поездку.;0
Излишне говорить, что я не вернусь в ближайшее время.;0
Это отвратительное место!;0
Каждый раз, когда я здесь обедаю, я вижу заботливую командную работу в профессиональной степени.;1
Кальмары в стиле РИ были шуткой.;0
Однако в фондю было так много чеснока, что он был едва съедобен.;0
Я едва мог переварить еду, но не жаловался, потому что это был бизнес-ланч.;0
Это было так плохо, что у меня не хватило духу закончить его.;0
Кроме того, ей потребовалась целая вечность, чтобы принести нам чек, когда мы его попросили.;0
Мы не из тех, кто устраивает сцены в ресторанах, но я просто не понимаю...определенно потерял любовь после этого!;0
Разочаровывающий опыт.;0
Еда примерно такая же, как у Денни, то есть совсем не очень хорошая.;0
Если вы хотите ждать посредственной еды и совершенно ужасного обслуживания, то это место для вас.;0
ВААААААйыыыыыыыыы завышенная оценка-это все, что я хочу сказать.;0
Мы не собираемся возвращаться.;0
Заведение было довольно чистым, но еда того просто не стоила.;0
Этому месту не хватало стиля!!;0
Сангрия была наполнена вином примерно на половину бокала и стоила 12 долларов, смешно.;0
Не утруждайте себя приходом сюда.;0
Мясо было довольно сухим, у меня была нарезанная грудинка и тушеная свинина.;0
Это было так же ужасно.;0
Вероятно, не торопится возвращаться.;0
очень медленно рассаживается даже при бронировании.;0
Нехорошо с любой точки зрения воображения.;0
Сливочный соус кешью был мягким, а овощи были недоваренными.;0
Соус для окунания на ранчо чиполте был безвкусным, казался жидким и разбавленным без тепла.;0
Оно было немного слишком сладким, недостаточно острым и лишенным вкуса.;0
Я был ОЧЕНЬ разочарован!!;0
Это ужасное место и слишком завышенная цена.;0
Может быть, это просто их вегетарианская еда, но я был там дважды и думал, что в лучшем случае она средняя.;0
Он был совсем не занят, и теперь мы знаем почему.;0
Столики снаружи также большую часть времени грязные, а работники не всегда дружелюбны и услужливы с меню.;0
Атмосфера здесь была не похожа на шведский стол, а скорее на уютный крытый сад для чая с печеньем.;0
Против: пятнистое обслуживание.;0
Картошка фри не была горячей, как и мой бургер.;0
Но потом они вернулись холодными.;0
Затем наша еда вышла, последовало разочарование.;0
Настоящим разочарованием был наш официант.;0
Мой муж сказал, что она была очень груба... даже не извинилась за плохую еду или что-то в этом роде.;0
Единственной причиной поесть здесь было бы наесться перед вечерней запоем, просто чтобы получить немного углеводов в желудке.;0
Оскорбления, глубокое разврат, и пришлось выйти на улицу на перекур во время службы, просто чтобы укрепить его.;0
Если кто-то заказывает два тако, не думаете ли вы, что частью обслуживания клиентов может быть вопрос о том, комбинированное это блюдо или корзина ala?;0
Она была весьма разочарована, хотя некоторая вина должна быть возложена на ее дверь.;0
После всех восторженных отзывов мне не терпелось поесть здесь...... какое разочарование!;0
Дель Тако довольно противный, и его следует по возможности избегать.;0
Нетрудно приготовить приличный гамбургер.;0
Но мне это не нравится.;0
Черт, нет, я не вернусь;0
Мы получили гораздо лучшее обслуживание в пиццерии по соседству, чем услуги, которые мы получили в этом ресторане.;0
"Я не знаю, что такого особенного в этом месте, но я не вернусь ""вы все"".";0
Я сразу же сказал, что хотел бы поговорить с менеджером, но я не хотел разговаривать с парнем, который делал снимки огненного шара за баром.;0
Атмосфера не намного лучше.;0
К сожалению, это только настроило нас на разочарование нашими первыми блюдами.;0
Еда была не очень хорошей.;0
Ваши серверы отстой, подождите, поправка, наш сервер Хеймер отстой.;0
То, что произошло дальше, было довольно ... отталкивающим.;0
очень жаль, потому что я знаю, что это семейное, мне действительно хотелось, чтобы это место понравилось.;0
Завышена цена за то, что вы получаете.;0
Меня вырвало в ванной во время обеда.;0
Я продолжал смотреть на время, и вскоре прошло 35 минут, а еды все еще не было.;0
Я был в очень немногих местах, где можно поесть, куда бы я ни при каких обстоятельствах никогда не вернулся, и это возглавляет список.;0
Мы начали с сашими из тунца, которое было коричневатого цвета и явно не было свежим.;0
Питание было ниже среднего.;0
Это, конечно, превосходит начос в кино, но я бы ожидал немного большего от ресторана.;0
В целом, залив Ха Лонг был немного провальным.;0
Проблема, с которой я сталкиваюсь, заключается в том, что они берут 11,99 доллара за сэндвич, который не больше, чем Сабвей (который предлагает лучшее и большее количество овощей).;0
Креветки - Когда я развернул их (я живу всего в 1/2 миллионаот Лесного пожара), они были буквально ледяными.;0
Ему не хватало вкуса, он казался недоваренным и сухим.;0
Это действительно впечатляет, что это место не закрылось.;0
"Я бы избегал этого места, если бы вы остановились в ""Мираже"".";0
Обжаренные бобы, которые пришли ко мне с едой, были сухими и хрустящими, а еда была пресной.;0
Потратьте свои деньги и время в другом месте.;0
Дама за соседним столиком обнаружила в своем салате живую зеленую гусеницу.;0
подача еды была ужасной.;0
Я не могу выразить, как я был разочарован.;0
Я думаю, что еда должна иметь вкус и текстуру, и того и другого не хватало.;0
Аппетит мгновенно пропал.;0
В целом я не был впечатлен и не собирался возвращаться.;0
Весь этот опыт не привел меня в восторг, и я думаю, что в следующий раз мы просто пойдем в Ninja Sushi.;0
Затем, как будто я не потратил там достаточно своей жизни, они посыпали рану солью, растянув время, необходимое для того, чтобы принести чек.;0
